시군명,읍면동명,등록동물수(마리),(RFID종류)내장형,(RFID종류)외장형,(RFID종류)인식표,등록소유자수,데이터기준일자,,,,
가평군,가평읍,941,596,294,51,85,2022-06-14,,,,
가평군,북면,289,176,93,20,185,2022-06-14,,,,
가평군,상면,399,217,153,29,243,2022-06-14,,,,
가평군,설악면,1111,446,612,53,625,2022-06-14,,,,
가평군,조종면,416,218,161,37,274,2022-06-14,,,,
가평군,청평면,861,517,253,91,594,2022-06-14,,,,
고양시,가좌동,1354,848,348,158,952,2022-06-03,,,,
고양시,강매동,63,57,5,1,30,2022-06-03,,,,
고양시,고양동,1577,968,510,99,1182,2022-06-03,,,,
고양시,관산동,1184,672,442,70,855,2022-06-03,,,,
고양시,구산동,152,97,42,13,90,2022-06-03,,,,
고양시,내곡동,84,54,25,5,55,2022-06-03,,,,
고양시,내유동,1233,719,433,81,846,2022-06-03,,,,
고양시,대자동,165,86,64,15,119,2022-06-03,,,,
고양시,대장동,112,67,38,7,76,2022-06-03,,,,
고양시,대화동,3964,2619,1112,233,2950,2022-06-03,,,,
고양시,덕은동,177,81,86,10,115,2022-06-03,,,,
고양시,덕이동,2546,1513,899,134,1697,2022-06-03,,,,
고양시,도내동,1013,558,413,42,779,2022-06-03,,,,
고양시,동산동,1315,719,518,78,716,2022-06-03,,,,
고양시,마두동,2878,1884,857,137,2296,2022-06-03,,,,
고양시,문봉동,138,76,54,8,91,2022-06-03,,,,
고양시,백석동,4380,2764,1343,273,3231,2022-06-03,,,,
고양시,법곳동,124,82,30,12,82,2022-06-03,,,,
고양시,벽제동,253,167,74,12,142,2022-06-03,,,,
고양시,북한동,6,1,4,1,4,2022-06-03,,,,
고양시,사리현동,503,262,202,39,346,2022-06-03,,,,
고양시,산황동,29,19,8,2,21,2022-06-03,,,,
고양시,삼송동,1307,681,532,94,941,2022-06-03,,,,
고양시,선유동,84,64,19,1,22,2022-06-03,,,,
고양시,설문동,283,176,90,17,154,2022-06-03,,,,
고양시,성사동,2021,1175,776,70,1553,2022-06-03,,,,
고양시,성석동,1054,662,312,80,644,2022-06-03,,,,
고양시,식사동,2919,1613,1117,189,2244,2022-06-03,,,,
고양시,신원동,1181,603,513,65,903,2022-06-03,,,,
고양시,신평동,17,11,4,2,8,2022-06-03,,,,
고양시,오금동,126,64,57,5,86,2022-06-03,,,,
고양시,용두동,150,71,61,18,90,2022-06-03,,,,
고양시,원당동,130,81,45,4,85,2022-06-03,,,,
고양시,원흥동,1190,626,492,72,867,2022-06-03,,,,
고양시,일산동,5115,3274,1547,294,3968,2022-06-03,,,,
고양시,장항동,3771,2264,1265,242,2609,2022-06-03,,,,
고양시,정발산동,1963,1264,578,121,1456,2022-06-03,,,,
고양시,주교동,1346,812,489,45,1015,2022-06-03,,,,
고양시,주엽동,3668,2282,1197,189,2942,2022-06-03,,,,
고양시,중산동,3170,2015,913,242,2435,2022-06-03,,,,
고양시,지영동,53,34,17,2,38,2022-06-03,,,,
고양시,지축동,456,255,173,28,318,2022-06-03,,,,
고양시,탄현동,3664,2312,1067,285,2861,2022-06-03,,,,
고양시,토당동,2610,1988,534,88,1628,2022-06-03,,,,
고양시,풍동,2755,1763,795,197,2133,2022-06-03,,,,
고양시,행신동,5756,3780,1683,293,4620,2022-06-03,,,,
고양시,행주내동,81,53,19,9,60,2022-06-03,,,,
고양시,행주외동,52,29,11,12,33,2022-06-03,,,,
고양시,향동동,609,315,254,40,477,2022-06-03,,,,
고양시,현천동,120,54,48,18,67,2022-06-03,,,,
고양시,화전동,234,128,86,20,152,2022-06-03,,,,
고양시,화정동,4312,2778,1351,183,3476,2022-06-03,,,,
고양시,효자동,30,21,8,1,20,2022-06-03,,,,
과천시,갈현동,95,57,29,9,66,2022-08-25,,,,
과천시,과천동,333,180,107,46,227,2022-08-25,,,,
과천시,관문동,4,1,3,0,3,2022-08-25,,,,
과천시,막계동,7,4,3,0,5,2022-08-25,,,,
과천시,문원동,318,177,101,40,254,2022-08-25,,,,
과천시,별양동,630,367,213,50,530,2022-08-25,,,,
과천시,부림동,468,240,171,57,384,2022-08-25,,,,
과천시,원문동,440,265,145,30,369,2022-08-25,,,,
과천시,주암동,207,87,98,22,147,2022-08-25,,,,
과천시,중앙동,472,287,138,47,340,2022-08-25,,,,
광명시,가학동,78,38,28,12,56,2022-04-18,,,,
광명시,광명동,5833,3159,1893,781,4519,2022-04-18,,,,
광명시,노온사동,71,36,18,17,50,2022-04-18,,,,
광명시,소하동,4257,2604,1298,355,3286,2022-04-18,,,,
광명시,옥길동,33,19,12,2,23,2022-04-18,,,,
광명시,일직동,686,396,229,61,541,2022-04-18,,,,
광명시,철산동,4604,2720,1297,587,3638,2022-04-18,,,,
광명시,하안동,4599,2674,1539,386,3585,2022-04-18,,,,
광주시,경안동,1032,630,272,130,734,2022-09-21,,,,
광주시,곤지암읍,1674,986,428,260,1067,2022-09-21,,,,
광주시,남종면,124,46,39,39,62,2022-09-21,,,,
광주시,남한산성면,189,130,35,24,95,2022-09-21,,,,
광주시,도척면,751,363,202,186,427,2022-09-21,,,,
광주시,목동,128,73,41,14,77,2022-09-21,,,,
광주시,목현동,1110,625,347,138,791,2022-09-21,,,,
광주시,삼동,537,312,139,86,390,2022-09-21,,,,
광주시,송정동,1630,894,526,210,1193,2022-09-21,,,,
광주시,실촌읍,1,1,0,0,1,2022-09-21,,,,
광주시,쌍령동,1107,660,318,129,823,2022-09-21,,,,
광주시,역동,562,328,178,56,451,2022-09-21,,,,
광주시,오포읍,9150,4807,2964,1379,6299,2022-09-21,,,,
광주시,장지동,810,457,238,115,594,2022-09-21,,,,
광주시,중대동,321,198,76,47,228,2022-09-21,,,,
광주시,중부면,47,17,20,10,18,2022-09-21,,,,
광주시,직동,67,30,16,21,38,2022-09-21,,,,
광주시,초월읍,4342,2952,950,440,2216,2022-09-21,,,,
광주시,탄벌동,1079,622,307,150,814,2022-09-21,,,,
광주시,태전동,2148,1184,728,236,1612,2022-09-21,,,,
광주시,퇴촌면,1347,713,477,157,842,2022-09-21,,,,
광주시,회덕동,886,507,272,107,596,2022-09-21,,,,
구리시,갈매동,1421,780,551,90,1084,2022-05-25,,,,
구리시,교문동,2795,1597,1028,170,2063,2022-05-25,,,,
구리시,사노동,82,32,36,14,51,2022-05-25,,,,
구리시,수택동,3622,2013,1345,264,2617,2022-05-25,,,,
구리시,아천동,162,77,71,14,119,2022-05-25,,,,
구리시,인창동,3463,1802,1365,296,2687,2022-05-25,,,,
구리시,토평동,836,418,363,55,658,2022-05-25,,,,
군포시,금정동,3461,2152,941,368,2663,2022-09-30,,,,
군포시,당동,3434,2077,895,462,2689,2022-09-30,,,,
군포시,당정동,875,486,279,110,680,2022-09-30,,,,
군포시,대야미동,518,287,166,65,407,2022-09-30,,,,
군포시,도마교동,422,227,150,45,336,2022-09-30,,,,
군포시,둔대동,24,11,10,3,15,2022-09-30,,,,
군포시,부곡동,846,424,311,111,677,2022-09-30,,,,
군포시,산본동,6572,3826,2046,700,5285,2022-09-30,,,,
군포시,속달동,35,15,14,6,23,2022-09-30,,,,
김포시,감정동,381,212,152,17,322,2020-03-11,,,,
김포시,걸포동,118,67,37,14,89,2020-03-11,,,,
김포시,고촌읍,446,254,146,46,375,2020-03-11,,,,
김포시,구래동,790,376,343,71,652,2020-03-11,,,,
김포시,대곶면,252,119,97,36,148,2020-03-11,,,,
김포시,마산동,531,278,210,43,443,2020-03-11,,,,
김포시,북변동,342,166,153,23,280,2020-03-11,,,,
김포시,사우동,441,216,174,51,358,2020-03-11,,,,
김포시,양촌읍,566,246,250,70,433,2020-03-11,,,,
김포시,운양동,842,443,321,78,700,2020-03-11,,,,
김포시,월곶면,116,45,29,42,81,2020-03-11,,,,
김포시,장기동,1311,666,572,73,1119,2020-03-11,,,,
김포시,통진읍,593,325,203,65,434,2020-03-11,,,,
김포시,풍무동,1018,492,439,87,853,2020-03-11,,,,
김포시,하성면,165,77,54,34,101,2020-03-11,,,,
남양주시,금곡동,1386,843,380,163,1056,2022-11-10,,,,
남양주시,다산1동,4327,2411,1064,852,3413,2022-11-10,,,,
남양주시,다산2동,452,198,124,130,353,2022-11-10,,,,
남양주시,별내동,4171,2231,1563,377,3152,2022-11-10,,,,
남양주시,별내면,999,494,295,210,767,2022-11-10,,,,
남양주시,수동면,860,539,130,191,434,2022-11-10,,,,
남양주시,양정동,331,179,85,67,191,2022-11-10,,,,
남양주시,오남읍,4136,3077,742,317,3082,2022-11-10,,,,
남양주시,와부읍,4116,2754,887,475,3075,2022-11-10,,,,
남양주시,조안면,267,167,49,51,166,2022-11-10,,,,
남양주시,진건읍,1514,1042,254,218,1112,2022-11-10,,,,
남양주시,진접읍,5655,3591,1460,604,4148,2022-11-10,,,,
남양주시,퇴계원읍,1497,1087,310,100,1130,2022-11-10,,,,
남양주시,평내동,2556,1747,596,213,1984,2022-11-10,,,,
남양주시,호평동,3051,1935,680,436,2332,2022-11-10,,,,
남양주시,화도읍,7639,4945,1428,1266,5147,2022-11-10,,,,
동두천시,걸산동,6,3,3,0,4,2022-03-17,,,,
동두천시,광암동,127,61,61,5,70,2022-03-17,,,,
동두천시,동두천동,423,215,189,19,268,2022-03-17,,,,
동두천시,보산동,260,168,80,12,156,2022-03-17,,,,
동두천시,상봉암동,186,89,80,17,110,2022-03-17,,,,
동두천시,상패동,398,170,198,30,238,2022-03-17,,,,
동두천시,생연동,2860,1485,1221,154,1950,2022-03-17,,,,
동두천시,송내동,803,377,370,56,575,2022-03-17,,,,
동두천시,안흥동,76,29,47,0,29,2022-03-17,,,,
동두천시,지행동,1716,808,791,117,1338,2022-03-17,,,,
동두천시,탑동동,82,42,37,3,49,2022-03-17,,,,
동두천시,하봉암동,61,34,24,3,40,2022-03-17,,,,
부천시,계수동,11,4,7,0,9,2022-05-26,,,,
부천시,고강동,3667,1980,1291,396,2712,2022-05-26,,,,
부천시,괴안동,2582,1248,1136,198,2007,2022-05-26,,,,
부천시,내동,728,310,302,116,537,2022-05-26,,,,
부천시,대장동,34,11,14,9,19,2022-05-26,,,,
부천시,도당동,1592,683,620,289,1234,2022-05-26,,,,
부천시,범박동,1099,482,527,90,867,2022-05-26,,,,
부천시,삼정동,618,283,282,53,442,2022-05-26,,,,
부천시,상동,6717,3670,2628,419,5293,2022-05-26,,,,
부천시,소사동,590,317,219,54,444,2022-05-26,,,,
부천시,소사본동,4069,2201,1521,347,3028,2022-05-26,,,,
부천시,송내동,3176,2048,987,141,2490,2022-05-26,,,,
부천시,심곡동,3643,1984,1384,275,2726,2022-05-26,,,,
부천시,심곡본동,2337,1397,796,144,1762,2022-05-26,,,,
부천시,약대동,1059,482,486,91,822,2022-05-26,,,,
부천시,여월동,1499,772,552,175,1142,2022-05-26,,,,
부천시,역곡동,2350,1297,899,154,1827,2022-05-26,,,,
부천시,오정동,1806,802,732,272,1327,2022-05-26,,,,
부천시,옥길동,1098,492,480,126,864,2022-05-26,,,,
부천시,원미동,2160,1101,902,157,1607,2022-05-26,,,,
부천시,원종동,4422,2350,1571,501,3343,2022-05-26,,,,
부천시,작동,866,456,341,69,617,2022-05-26,,,,
부천시,중동,9727,5106,3666,955,7308,2022-05-26,,,,
부천시,춘의동,1096,596,393,107,839,2022-05-26,,,,
부천시,합계,56946,30072,21736,5138,43266,2022-05-26,,,,
성남시,갈현동,27,17,6,4,22,2021-08-25,,,,
성남시,고등동,206,117,62,27,145,2021-08-25,,,,
성남시,구미동,2727,1506,1029,192,2169,2021-08-25,,,,
성남시,궁내동,152,91,46,15,114,2021-08-25,,,,
성남시,금곡동,1750,983,658,109,1399,2021-08-25,,,,
성남시,금광동,2249,1516,553,180,1742,2021-08-25,,,,
성남시,금토동,111,64,35,12,69,2021-08-25,,,,
성남시,단대동,821,544,191,86,630,2021-08-25,,,,
성남시,대장동,60,19,32,9,35,2021-08-25,,,,
성남시,도촌동,865,532,271,62,726,2021-08-25,,,,
성남시,동원동,63,34,24,5,50,2021-08-25,,,,
성남시,둔전동,19,7,4,8,15,2021-08-25,,,,
성남시,백현동,1196,778,301,117,942,2021-08-25,,,,
성남시,복정동,592,391,145,56,456,2021-08-25,,,,
성남시,분당동,1632,1022,467,143,1266,2021-08-25,,,,
성남시,사송동,60,39,17,4,47,2021-08-25,,,,
성남시,산성동,702,422,202,78,544,2021-08-25,,,,
성남시,삼평동,962,561,319,82,814,2021-08-25,,,,
성남시,상대원동,3483,2493,753,237,2665,2021-08-25,,,,
성남시,상적동,72,42,16,14,47,2021-08-25,,,,
성남시,서현동,3007,1839,867,301,2451,2021-08-25,,,,
성남시,석운동,43,26,15,2,28,2021-08-25,,,,
성남시,성남동,2115,1487,434,194,1620,2021-08-25,,,,
성남시,성남시 수정구,1,1,0,0,1,2021-08-25,,,,
성남시,수내동,2571,1478,886,207,2111,2021-08-25,,,,
성남시,수진동,2110,1468,523,119,1473,2021-08-25,,,,
성남시,시흥동,131,64,54,13,86,2021-08-25,,,,
성남시,신촌동,52,30,12,10,37,2021-08-25,,,,
성남시,신흥동,2981,2067,676,238,2302,2021-08-25,,,,
성남시,심곡동,144,93,38,13,111,2021-08-25,,,,
성남시,야탑동,3207,1983,998,226,2482,2021-08-25,,,,
성남시,양지동,539,343,162,34,438,2021-08-25,,,,
성남시,여수동,388,171,178,39,309,2021-08-25,,,,
성남시,오야동,60,28,21,11,44,2021-08-25,,,,
성남시,운중동,1259,782,376,101,856,2021-08-25,,,,
성남시,율동,59,38,13,8,44,2021-08-25,,,,
성남시,은행동,2303,1565,555,183,1723,2021-08-25,,,,
성남시,이매동,1945,1185,539,221,1622,2021-08-25,,,,
성남시,정자동,5509,3496,1647,366,4378,2021-08-25,,,,
성남시,중동,620,620,0,0,447,2021-08-25,,,,
성남시,중앙동,943,607,265,71,652,2021-08-25,,,,
성남시,창곡동,1618,885,414,319,1227,2021-08-25,,,,
성남시,태평동,4010,2558,1130,322,2976,2021-08-25,,,,
성남시,판교동,1057,618,345,94,812,2021-08-25,,,,
성남시,하대원동,1304,907,258,139,1007,2021-08-25,,,,
성남시,하산운동,3,3,0,0,3,2021-08-25,,,,
수원시,고등동,769,580,123,66,567,2021-06-18,,,,
수원시,고색동,987,694,217,76,735,2021-06-18,,,,
수원시,곡반정동,1542,926,466,150,1090,2021-06-18,,,,
수원시,교동,181,131,34,16,120,2021-06-18,,,,
수원시,구운동,1449,903,371,175,1136,2021-06-18,,,,
수원시,구천동,77,53,8,16,52,2021-06-18,,,,
수원시,권선동,4910,2950,1399,561,3779,2021-06-18,,,,
수원시,금곡동,2179,1205,664,310,1689,2021-06-18,,,,
수원시,남수동,95,54,26,15,64,2021-06-18,,,,
수원시,남창동,100,73,19,8,72,2021-06-18,,,,
수원시,당수동,420,255,106,59,333,2021-06-18,,,,
수원시,망포동,2401,1452,701,248,1961,2021-06-18,,,,
수원시,매교동,378,275,57,46,271,2021-06-18,,,,
수원시,매산로1가,157,89,47,21,95,2021-06-18,,,,
수원시,매산로2가,365,243,87,35,279,2021-06-18,,,,
수원시,매산로3가,237,166,46,25,162,2021-06-18,,,,
수원시,매탄동,5062,3142,1489,431,3999,2021-06-18,,,,
수원시,매향동,72,48,16,8,55,2021-06-18,,,,
수원시,북수동,118,83,19,16,80,2021-06-18,,,,
수원시,상광교동,6,4,2,0,4,2021-06-18,,,,
수원시,서둔동,1000,621,238,141,712,2021-06-18,,,,
수원시,세류동,3592,2326,925,341,2627,2021-06-18,,,,
수원시,송죽동,1307,872,307,128,1016,2021-06-18,,,,
수원시,신동,283,164,81,38,213,2021-06-18,,,,
수원시,신풍동,123,77,30,16,86,2021-06-18,,,,
수원시,연무동,1164,876,193,95,851,2021-06-18,,,,
수원시,영동,34,17,9,8,23,2021-06-18,,,,
수원시,영통동,3972,2282,1305,385,3290,2021-06-18,,,,
수원시,영화동,1450,1029,246,175,1038,2021-06-18,,,,
수원시,오목천동,1100,727,240,133,829,2021-06-18,,,,
수원시,우만동,2157,1334,604,219,1648,2021-06-18,,,,
수원시,원천동,1549,858,493,198,1188,2021-06-18,,,,
수원시,율전동,1261,793,299,169,1020,2021-06-18,,,,
수원시,이목동,334,211,99,24,231,2021-06-18,,,,
수원시,이의동,2349,1275,866,208,1848,2021-06-18,,,,
수원시,인계동,3102,2153,687,262,2303,2021-06-18,,,,
수원시,입북동,314,153,116,45,253,2021-06-18,,,,
수원시,장안동,77,50,17,10,58,2021-06-18,,,,
수원시,장지동,16,11,5,0,12,2021-06-18,,,,
수원시,정자동,4448,3073,1003,372,3519,2021-06-18,,,,
수원시,조원동,2951,1992,657,302,2307,2021-06-18,,,,
수원시,중동,30,26,4,0,19,2021-06-18,,,,
수원시,지동,1019,736,204,79,722,2021-06-18,,,,
수원시,천천동,1319,914,300,105,1098,2021-06-18,,,,
수원시,탑동,1420,929,317,174,1056,2021-06-18,,,,
수원시,파장동,1154,777,260,117,914,2021-06-18,,,,
수원시,팔달로1가,23,18,1,4,15,2021-06-18,,,,
수원시,팔달로2가,45,29,15,1,30,2021-06-18,,,,
수원시,팔달로3가,38,19,12,7,26,2021-06-18,,,,
수원시,평동,132,86,32,14,105,2021-06-18,,,,
수원시,평리동,3,3,0,0,3,2021-06-18,,,,
수원시,하광교동,24,13,10,1,16,2021-06-18,,,,
수원시,하동,1452,742,562,148,1064,2021-06-18,,,,
수원시,호매실동,1831,1062,538,231,1415,2021-06-18,,,,
수원시,화서동,2752,1774,671,307,2158,2021-06-18,,,,
시흥시,거모동,1673,1115,408,150,1239,2021-06-25,,,,
시흥시,계수동,103,71,15,17,64,2021-06-25,,,,
시흥시,과림동,104,34,41,29,52,2021-06-25,,,,
시흥시,광석동,22,14,5,3,14,2021-06-25,,,,
시흥시,군자동,85,48,14,23,50,2021-06-25,,,,
시흥시,금이동,38,22,10,6,18,2021-06-25,,,,
시흥시,논곡동,255,154,86,15,198,2021-06-25,,,,
시흥시,능곡동,1130,737,243,150,868,2021-06-25,,,,
시흥시,대야동,2336,1723,427,186,1733,2021-06-25,,,,
시흥시,도창동,208,145,43,20,153,2021-06-25,,,,
시흥시,매화동,631,385,171,75,440,2021-06-25,,,,
시흥시,목감동,213,125,71,17,166,2021-06-25,,,,
시흥시,무지내동,49,14,9,26,21,2021-06-25,,,,
시흥시,물왕동,16,13,2,1,13,2021-06-25,,,,
시흥시,미산동,350,243,83,24,240,2021-06-25,,,,
시흥시,방산동,64,46,11,7,38,2021-06-25,,,,
시흥시,산현동,340,187,101,52,256,2021-06-25,,,,
시흥시,신천동,2970,2138,571,261,2254,2021-06-25,,,,
시흥시,안현동,65,30,8,27,29,2021-06-25,,,,
시흥시,월곶동,1068,674,209,185,784,2021-06-25,,,,
시흥시,은행동,2641,1708,593,340,2084,2021-06-25,,,,
시흥시,장곡동,968,569,264,135,774,2021-06-25,,,,
시흥시,장현동,430,249,114,67,320,2021-06-25,,,,
시흥시,정왕동,11923,8369,2543,1011,9036,2021-06-25,,,,
시흥시,조남동,1127,646,327,154,870,2021-06-25,,,,
시흥시,죽율동,292,179,75,38,204,2021-06-25,,,,
시흥시,포동,388,242,94,52,291,2021-06-25,,,,
시흥시,하상동,499,333,105,61,390,2021-06-25,,,,
시흥시,하중동,539,339,124,76,389,2021-06-25,,,,
시흥시,화정동,12,11,1,0,6,2021-06-25,,,,
안산시,건건동,736,393,206,137,550,2021-08-26,,,,
안산시,고잔동,5802,3177,1635,990,4540,2021-08-26,,,,
안산시,대부남동,153,55,37,61,88,2021-08-26,,,,
안산시,대부동동,151,69,44,38,86,2021-08-26,,,,
안산시,대부북동,202,105,52,45,121,2021-08-26,,,,
안산시,목내동,7,3,2,2,5,2021-08-26,,,,
안산시,본오동,5699,2862,1626,1211,4172,2021-08-26,,,,
안산시,부곡동,2385,1208,677,500,1704,2021-08-26,,,,
안산시,사동,5766,2793,1672,1301,4376,2021-08-26,,,,
안산시,사사동,145,66,40,39,100,2021-08-26,,,,
안산시,선감동,33,11,10,12,18,2021-08-26,,,,
안산시,선부동,4180,2422,1145,613,3196,2021-08-26,,,,
안산시,성곡동,36,27,8,1,19,2021-08-26,,,,
안산시,성포동,1527,869,414,244,1211,2021-08-26,,,,
안산시,수암동,382,203,104,75,287,2021-08-26,,,,
안산시,신길동,1313,759,358,196,992,2021-08-26,,,,
안산시,양상동,40,20,13,7,25,2021-08-26,,,,
안산시,와동,3331,2012,771,548,2384,2021-08-26,,,,
안산시,원곡동,1816,1259,351,206,1458,2021-08-26,,,,
안산시,원시동,27,11,6,10,17,2021-08-26,,,,
안산시,월피동,2293,1213,656,424,1730,2021-08-26,,,,
안산시,이동,1545,830,418,297,1138,2021-08-26,,,,
안산시,일동,2182,1089,673,420,1602,2021-08-26,,,,
안산시,장상동,232,113,69,50,151,2021-08-26,,,,
안산시,장하동,21,9,8,4,10,2021-08-26,,,,
안산시,초지동,2644,1466,605,573,2054,2021-08-26,,,,
안산시,팔곡이동,260,132,67,61,172,2021-08-26,,,,
안산시,팔곡일동,144,70,30,44,90,2021-08-26,,,,
안산시,풍도동,2,0,0,2,1,2021-08-26,,,,
안산시,합계,43079,23260,11704,8115,32317,2021-08-26,,,,
안산시,화정동,25,14,7,4,20,2021-08-26,,,,
안성시,가사동,67,43,14,10,54,2021-09-06,,,,
안성시,가현동,57,35,10,12,23,2021-09-06,,,,
안성시,계동,22,10,6,6,16,2021-09-06,,,,
안성시,고삼면,170,56,55,59,87,2021-09-06,,,,
안성시,공도읍,2737,1297,1015,425,2030,2021-09-06,,,,
안성시,구포동,27,11,8,8,22,2021-09-06,,,,
안성시,금광면,425,206,113,106,279,2021-09-06,,,,
안성시,금산동,207,106,59,42,168,2021-09-06,,,,
안성시,금석동,72,44,15,13,55,2021-09-06,,,,
안성시,낙원동,67,27,30,10,56,2021-09-06,,,,
안성시,당왕동,506,251,163,92,400,2021-09-06,,,,
안성시,대덕면,817,391,263,163,577,2021-09-06,,,,
안성시,대천동,28,17,7,4,21,2021-09-06,,,,
안성시,도기동,107,48,15,44,65,2021-09-06,,,,
안성시,동본동,17,7,8,2,15,2021-09-06,,,,
안성시,명륜동,49,21,14,14,34,2021-09-06,,,,
안성시,미양면,390,225,72,93,200,2021-09-06,,,,
안성시,발화동,6,3,1,2,4,2021-09-06,,,,
안성시,보개면,410,227,116,67,220,2021-09-06,,,,
안성시,봉남동,38,15,17,6,28,2021-09-06,,,,
안성시,봉산동,140,83,43,14,102,2021-09-06,,,,
안성시,사곡동,14,3,4,7,8,2021-09-06,,,,
안성시,삼죽면,221,123,42,56,120,2021-09-06,,,,
안성시,서운면,342,81,70,191,209,2021-09-06,,,,
안성시,서인동,28,8,6,14,15,2021-09-06,,,,
안성시,석정동,252,112,86,54,206,2021-09-06,,,,
안성시,성남동,33,14,7,12,25,2021-09-06,,,,
안성시,숭인동,115,51,50,14,90,2021-09-06,,,,
안성시,신건지동,62,35,15,12,51,2021-09-06,,,,
안성시,신모산동,3,0,3,0,2,2021-09-06,,,,
안성시,신소현동,138,64,58,16,110,2021-09-06,,,,
안성시,신흥동,33,15,7,11,20,2021-09-06,,,,
안성시,아양동,275,141,74,60,212,2021-09-06,,,,
안성시,양성면,325,138,89,98,175,2021-09-06,,,,
안성시,연지동,25,18,5,2,19,2021-09-06,,,,
안성시,영동,27,15,10,2,23,2021-09-06,,,,
안성시,옥산동,165,67,56,42,133,2021-09-06,,,,
안성시,옥천동,29,11,10,8,22,2021-09-06,,,,
안성시,원곡면,415,192,111,112,236,2021-09-06,,,,
안성시,인지동,59,28,13,18,41,2021-09-06,,,,
안성시,일죽면,430,275,98,57,261,2021-09-06,,,,
안성시,죽산면,410,229,102,79,209,2021-09-06,,,,
안성시,중리동,156,64,52,40,114,2021-09-06,,,,
안성시,창전동,26,14,8,4,23,2021-09-06,,,,
안성시,합계,9975,4836,3030,2109,6805,2021-09-06,,,,
안성시,현수동,33,15,10,8,25,2021-09-06,,,,
안양시,관양동,4781,3062,1218,501,3763,2021-08-20,,,,
안양시,박달동,2434,1467,759,208,1895,2021-08-20,,,,
안양시,비산동,5189,3377,1379,433,4189,2021-08-20,,,,
안양시,석수동,3884,2322,1246,316,3008,2021-08-20,,,,
안양시,안양동,10261,7009,2485,767,7740,2021-08-20,,,,
안양시,평촌동,3219,2143,670,406,2739,2021-08-20,,,,
안양시,호계동,5876,3875,1470,531,4757,2021-08-20,,,,
양주시,고암동,1178,582,518,78,877,2022-07-20,,,,
양주시,고읍동,753,391,325,37,545,2022-07-20,,,,
양주시,광사동,915,435,406,74,687,2022-07-20,,,,
양주시,광적면,768,493,223,52,448,2022-07-20,,,,
양주시,남면,370,196,133,41,261,2022-07-20,,,,
양주시,남방동,83,32,38,13,49,2022-07-20,,,,
양주시,덕계동,1548,751,583,214,1136,2022-07-20,,,,
양주시,덕정동,1184,581,519,84,875,2022-07-20,,,,
양주시,마전동,40,19,21,0,23,2022-07-20,,,,
양주시,만송동,778,382,356,40,580,2022-07-20,,,,
양주시,백석읍,1730,986,631,113,1217,2022-07-20,,,,
양주시,봉양동,66,23,25,18,46,2022-07-20,,,,
양주시,산북동,170,72,78,20,117,2022-07-20,,,,
양주시,삼숭동,1346,613,622,111,1020,2022-07-20,,,,
양주시,어둔동,28,11,7,10,11,2022-07-20,,,,
양주시,옥정동,2822,1287,1264,271,2135,2022-07-20,,,,
양주시,유양동,80,50,27,3,39,2022-07-20,,,,
양주시,율정동,39,24,13,2,28,2022-07-20,,,,
양주시,은현면,311,167,112,32,198,2022-07-20,,,,
양주시,장흥면,707,394,264,49,421,2022-07-20,,,,
양주시,회암동,71,50,20,1,33,2022-07-20,,,,
양주시,회정동,417,191,138,88,293,2022-07-20,,,,
양평군,강상면,1233,538,317,378,772,2022-09-07,,,,
양평군,강하면,1372,1053,173,146,360,2022-09-07,,,,
양평군,개군면,506,245,167,94,303,2022-09-07,,,,
양평군,단월면,419,205,88,126,228,2022-09-07,,,,
양평군,서종면,1249,689,366,194,692,2022-09-07,,,,
양평군,양동면,469,188,103,178,220,2022-09-07,,,,
양평군,양서면,1237,702,392,143,748,2022-09-07,,,,
양평군,양평읍,2729,1400,775,554,1678,2022-09-07,,,,
양평군,옥천면,935,470,297,168,573,2022-09-07,,,,
양평군,용문면,1857,878,500,479,1101,2022-09-07,,,,
양평군,지평면,850,450,183,217,395,2022-09-07,,,,
양평군,청운면,435,154,115,166,238,2022-09-07,,,,
여주시,가남읍,636,307,192,137,421,2021-08-31,,,,
여주시,가업동,22,7,2,13,9,2021-08-31,,,,
여주시,강천면,270,70,92,108,157,2021-08-31,,,,
여주시,교동,175,84,53,38,139,2021-08-31,,,,
여주시,금사면,168,55,39,74,96,2021-08-31,,,,
여주시,능서면,424,86,141,197,242,2021-08-31,,,,
여주시,능현동,60,31,17,12,34,2021-08-31,,,,
여주시,단현동,26,8,8,10,16,2021-08-31,,,,
여주시,대신면,239,72,67,100,160,2021-08-31,,,,
여주시,매룡동,21,4,7,10,12,2021-08-31,,,,
여주시,멱곡동,72,29,22,21,48,2021-08-31,,,,
여주시,북내면,230,73,102,55,138,2021-08-31,,,,
여주시,산북면,170,54,29,87,98,2021-08-31,,,,
여주시,삼교동,38,16,8,14,23,2021-08-31,,,,
여주시,상거동,10,2,1,7,5,2021-08-31,,,,
여주시,상동,147,74,42,31,99,2021-08-31,,,,
여주시,신진동,11,4,1,6,9,2021-08-31,,,,
여주시,연라동,53,7,23,23,24,2021-08-31,,,,
여주시,연양동,94,35,42,17,66,2021-08-31,,,,
여주시,오금동,10,5,3,2,7,2021-08-31,,,,
여주시,오학동,278,116,83,79,187,2021-08-31,,,,
여주시,우만동,9,5,3,1,9,2021-08-31,,,,
여주시,월송동,171,81,61,29,118,2021-08-31,,,,
여주시,점동면,268,53,102,113,119,2021-08-31,,,,
여주시,점봉동,270,140,81,49,205,2021-08-31,,,,
여주시,창동,127,56,42,29,87,2021-08-31,,,,
여주시,천송동,181,65,64,52,126,2021-08-31,,,,
여주시,하거동,17,9,6,2,10,2021-08-31,,,,
여주시,하동,224,90,64,70,160,2021-08-31,,,,
여주시,현암동,309,137,85,87,218,2021-08-31,,,,
여주시,홍문동,301,135,117,49,201,2021-08-31,,,,
여주시,흥천면,221,69,100,52,122,2021-08-31,,,,
연천군,군남면,80,83,52,7,86,2022-06-05,,,,
연천군,미산면,139,84,47,8,62,2022-06-05,,,,
연천군,백학면,89,49,32,8,59,2022-06-05,,,,
연천군,신서면,106,70,30,6,72,2022-06-05,,,,
연천군,연천읍,288,150,125,13,192,2022-06-05,,,,
연천군,왕징면,33,30,3,0,20,2022-06-05,,,,
연천군,장남면,33,20,13,0,22,2022-06-05,,,,
연천군,전곡읍,976,483,452,41,709,2022-06-05,,,,
연천군,중면,13,6,6,1,8,2022-06-05,,,,
연천군,청산면,263,107,139,17,154,2022-06-05,,,,
오산시,가수동,333,202,113,18,233,2022-03-14,,,,
오산시,가장동,19,9,7,3,14,2022-03-14,,,,
오산시,갈곶동,720,448,234,38,561,2022-03-14,,,,
오산시,고현동,236,137,87,12,176,2022-03-14,,,,
오산시,궐동,1853,1011,765,77,1382,2022-03-14,,,,
오산시,금암동,1450,927,471,52,1103,2022-03-14,,,,
오산시,내삼미동,624,351,238,35,468,2022-03-14,,,,
오산시,누읍동,451,244,186,21,343,2022-03-14,,,,
오산시,두곡동,9,3,4,2,9,2022-03-14,,,,
오산시,벌음동,17,13,4,0,14,2022-03-14,,,,
오산시,부산동,883,506,322,55,702,2022-03-14,,,,
오산시,서동,251,152,92,7,201,2022-03-14,,,,
오산시,서랑동,24,10,14,0,17,2022-03-14,,,,
오산시,세교동,477,300,144,33,340,2022-03-14,,,,
오산시,수청동,894,486,350,58,682,2022-03-14,,,,
오산시,양산동,571,319,211,41,443,2022-03-14,,,,
오산시,오산동,1435,910,473,52,1087,2022-03-14,,,,
오산시,외삼미동,317,176,122,19,226,2022-03-14,,,,
오산시,원동,2606,1616,861,129,2036,2022-03-14,,,,
오산시,은계동,337,204,118,15,249,2022-03-14,,,,
오산시,지곶동,290,154,114,22,215,2022-03-14,,,,
오산시,청학동,177,109,56,12,129,2022-03-14,,,,
오산시,청호동,471,249,190,32,357,2022-03-14,,,,
오산시,탑동,26,18,7,1,17,2022-03-14,,,,
용인시,고기동,326,172,107,47,211,2021-01-01,,,,
용인시,고매동,282,132,103,47,205,2021-01-01,,,,
용인시,공세동,958,457,349,152,699,2021-01-01,,,,
용인시,구갈동,1581,735,553,293,1259,2021-01-01,,,,
용인시,남사면,808,437,287,84,516,2021-01-01,,,,
용인시,농서동,161,83,65,13,123,2021-01-01,,,,
용인시,동백동,1390,624,420,346,1103,2021-01-01,,,,
용인시,동부동,697,327,292,78,517,2021-01-01,,,,
용인시,동천동,1628,742,586,300,1307,2021-01-01,,,,
용인시,마북동,1452,764,470,218,1154,2021-01-01,,,,
용인시,모현읍,1244,660,414,170,849,2021-01-01,,,,
용인시,백암면,503,370,111,22,279,2021-01-01,,,,
용인시,보라동,1286,529,514,243,1024,2021-01-01,,,,
용인시,보정동,1759,939,556,264,1392,2021-01-01,,,,
용인시,상갈동,465,213,172,80,371,2021-01-01,,,,
용인시,상하동,1285,594,388,303,982,2021-01-01,,,,
용인시,상현동,4031,2054,1211,766,3259,2021-01-01,,,,
용인시,서천동,727,383,232,112,565,2021-01-01,,,,
용인시,성복동,2826,1675,761,390,2026,2021-01-01,,,,
용인시,신갈동,1583,731,503,349,1268,2021-01-01,,,,
용인시,신봉동,2053,1177,581,295,1592,2021-01-01,,,,
용인시,양지면,1542,932,418,192,848,2021-01-01,,,,
용인시,언남동,825,438,280,107,672,2021-01-01,,,,
용인시,역삼동,1725,880,665,180,1332,2021-01-01,,,,
용인시,영덕동,1800,736,788,276,1402,2021-01-01,,,,
용인시,원삼면,673,425,197,51,398,2021-01-01,,,,
용인시,유림동,1858,870,806,182,1397,2021-01-01,,,,
용인시,이동읍,1112,632,321,159,802,2021-01-01,,,,
용인시,죽전동,3533,1960,1111,462,2893,2021-01-01,,,,
용인시,중동,1995,1082,545,368,1584,2021-01-01,,,,
용인시,중앙동,1330,714,505,111,1002,2021-01-01,,,,
용인시,지곡동,254,102,114,38,158,2021-01-01,,,,
용인시,청덕동,721,326,234,161,571,2021-01-01,,,,
용인시,포곡읍,1751,885,741,125,1291,2021-01-01,,,,
용인시,풍덕천동,3826,1976,1098,752,3131,2021-01-01,,,,
용인시,하갈동,237,98,89,50,166,2021-01-01,,,,
의왕시,고천동,171,84,48,39,141,2021-06-18,,,,
의왕시,내손동,1910,987,533,390,1473,2021-06-18,,,,
의왕시,삼동,927,584,243,101,704,2021-06-18,,,,
의왕시,오전동,1505,756,401,348,1202,2021-06-18,,,,
의왕시,왕곡동,367,202,87,78,250,2021-06-18,,,,
의왕시,월암동,43,16,17,10,21,2021-06-18,,,,
의왕시,이동,61,35,15,11,44,2021-06-18,,,,
의왕시,청계동,392,188,142,62,303,2021-06-18,,,,
의왕시,초평동,57,29,12,16,33,2021-06-18,,,,
의왕시,포일동,910,426,308,176,724,2021-06-18,,,,
의왕시,학의동,247,126,82,39,187,2021-06-18,,,,
의정부시,,58997,12679,31835,14483,,2021-09-01,,,,
이천시,갈산동,717,393,250,74,530,2022-07-29,,,,
이천시,고담동,97,43,44,10,72,2022-07-29,,,,
이천시,관고동,408,205,166,37,315,2022-07-29,,,,
이천시,단월동,47,27,13,7,32,2022-07-29,,,,
이천시,대월면,798,402,304,92,555,2022-07-29,,,,
이천시,대포동,87,56,20,11,39,2022-07-29,,,,
이천시,마장면,864,455,307,102,616,2022-07-29,,,,
이천시,모가면,283,187,71,25,135,2022-07-29,,,,
이천시,백사면,869,428,343,98,573,2022-07-29,,,,
이천시,부발읍,2092,1115,793,184,1529,2022-07-29,,,,
이천시,사음동,291,156,111,24,206,2022-07-29,,,,
이천시,설성면,316,119,57,140,128,2022-07-29,,,,
이천시,송정동,779,419,294,66,590,2022-07-29,,,,
이천시,신둔면,1127,613,394,120,700,2022-07-29,,,,
이천시,안흥동,406,224,136,46,305,2022-07-29,,,,
이천시,율면,123,76,35,12,60,2022-07-29,,,,
이천시,율현동,22,14,7,1,16,2022-07-29,,,,
이천시,장록동,53,21,24,8,32,2022-07-29,,,,
이천시,장호원읍,698,360,217,121,431,2022-07-29,,,,
이천시,중리동,481,259,172,50,358,2022-07-29,,,,
이천시,증일동,76,35,39,2,56,2022-07-29,,,,
이천시,증포동,982,490,419,73,768,2022-07-29,,,,
이천시,진리동,43,26,15,2,27,2022-07-29,,,,
이천시,창전동,1173,651,445,77,902,2022-07-29,,,,
이천시,호법면,315,157,123,35,205,2022-07-29,,,,
파주시,검산동,246,142,89,15,171,2021-06-16,,,,
파주시,광탄면,591,355,187,49,332,2021-06-16,,,,
파주시,교하동,204,122,77,5,48,2021-06-16,,,,
파주시,교하읍,509,505,4,0,410,2021-06-16,,,,
파주시,군내면,6,2,4,0,5,2021-06-16,,,,
파주시,금능동,43,28,15,0,36,2021-06-16,,,,
파주시,금릉동,164,102,54,8,118,2021-06-16,,,,
파주시,금촌동,2809,1707,899,203,2086,2021-06-16,,,,
파주시,다율동,461,259,165,37,351,2021-06-16,,,,
파주시,당하동,72,46,19,7,44,2021-06-16,,,,
파주시,동패동,2056,1134,801,121,1513,2021-06-16,,,,
파주시,맥금동,23,10,9,4,21,2021-06-16,,,,
파주시,목동동,2682,1592,911,179,2049,2021-06-16,,,,
파주시,문발동,501,303,174,24,357,2021-06-16,,,,
파주시,문산읍,2236,1231,885,120,1591,2021-06-16,,,,
파주시,법원읍,592,395,154,43,353,2021-06-16,,,,
파주시,산남동,135,88,38,9,75,2021-06-16,,,,
파주시,상지석동,298,169,101,28,197,2021-06-16,,,,
파주시,서패동,30,23,7,0,20,2021-06-16,,,,
파주시,송촌동,55,45,10,0,19,2021-06-16,,,,
파주시,신촌동,44,20,17,7,28,2021-06-16,,,,
파주시,아동동,819,454,280,85,616,2021-06-16,,,,
파주시,야당동,2818,1749,853,216,1998,2021-06-16,,,,
파주시,야동동,267,153,98,16,206,2021-06-16,,,,
파주시,연다산동,32,16,14,2,20,2021-06-16,,,,
파주시,오도동,48,30,16,2,22,2021-06-16,,,,
파주시,와동동,2575,1690,726,159,1439,2021-06-16,,,,
파주시,월롱면,395,244,127,24,257,2021-06-16,,,,
파주시,적성면,224,134,62,28,167,2021-06-16,,,,
파주시,조리읍,1354,735,461,158,959,2021-06-16,,,,
파주시,진동면,7,7,0,0,3,2021-06-16,,,,
파주시,탄현면,888,524,282,82,558,2021-06-16,,,,
파주시,파주읍,700,404,199,97,419,2021-06-16,,,,
파주시,파평면,134,72,51,11,75,2021-06-16,,,,
파주시,하지석동,39,23,16,0,21,2021-06-16,,,,
평택시,가재동,186,72,57,57,126,2021-08-25,,,,
평택시,고덕면,1245,483,350,412,787,2021-08-25,,,,
평택시,군문동,210,111,65,34,159,2021-08-25,,,,
평택시,도일동,102,31,23,48,61,2021-08-25,,,,
평택시,독곡동,564,289,178,97,409,2021-08-25,,,,
평택시,동삭동,1391,765,419,207,1031,2021-08-25,,,,
평택시,모곡동,13,5,3,5,10,2021-08-25,,,,
평택시,비전동,3168,1604,1090,474,2450,2021-08-25,,,,
평택시,서정동,2905,1579,897,429,2074,2021-08-25,,,,
평택시,서탄면,259,100,72,87,174,2021-08-25,,,,
평택시,세교동,1314,624,450,240,996,2021-08-25,,,,
평택시,소사동,426,207,118,101,320,2021-08-25,,,,
평택시,신대동,52,26,13,13,36,2021-08-25,,,,
평택시,신장동,1388,778,408,202,969,2021-08-25,,,,
평택시,안중읍,2081,972,741,368,1529,2021-08-25,,,,
평택시,오성면,543,150,106,287,315,2021-08-25,,,,
평택시,용이동,1652,848,540,264,1272,2021-08-25,,,,
평택시,월곡동,43,15,22,6,25,2021-08-25,,,,
평택시,유천동,37,20,8,9,26,2021-08-25,,,,
평택시,이충동,1457,699,572,186,1115,2021-08-25,,,,
평택시,장당동,455,229,177,49,373,2021-08-25,,,,
평택시,장안동,335,158,103,74,259,2021-08-25,,,,
평택시,죽백동,680,327,218,135,515,2021-08-25,,,,
평택시,지산동,1662,889,519,254,1231,2021-08-25,,,,
평택시,지제동,60,24,19,17,36,2021-08-25,,,,
평택시,진위면,777,298,224,255,488,2021-08-25,,,,
평택시,청룡동,22,7,11,4,15,2021-08-25,,,,
평택시,청북면,195,79,102,14,145,2021-08-25,,,,
평택시,청북읍,1137,491,358,288,767,2021-08-25,,,,
평택시,칠괴동,94,35,42,17,61,2021-08-25,,,,
평택시,칠원동,336,160,96,80,232,2021-08-25,,,,
평택시,통복동,450,203,174,73,353,2021-08-25,,,,
평택시,팽성읍,1748,832,452,464,1193,2021-08-25,,,,
평택시,평택동,402,217,127,58,290,2021-08-25,,,,
평택시,포승읍,1310,620,491,199,934,2021-08-25,,,,
평택시,합계,30234,14683,9733,5818,21859,2021-08-25,,,,
평택시,합정동,1245,638,395,212,903,2021-08-25,,,,
평택시,현덕면,290,98,93,99,180,2021-08-25,,,,
포천시,가산면,598,422,120,56,242,2021-08-24,,,,
포천시,관인면,139,46,43,50,91,2021-08-24,,,,
포천시,군내면,739,423,94,222,351,2021-08-24,,,,
포천시,내촌면,257,136,58,63,129,2021-08-24,,,,
포천시,동교동,73,52,18,3,40,2021-08-24,,,,
포천시,선단동,858,623,129,106,532,2021-08-24,,,,
포천시,설운동,68,43,7,18,38,2021-08-24,,,,
포천시,소흘읍,3892,2679,1013,200,1712,2021-08-24,,,,
포천시,신북면,951,625,102,224,530,2021-08-24,,,,
포천시,신읍동,1292,942,116,234,842,2021-08-24,,,,
포천시,어룡동,195,138,25,32,95,2021-08-24,,,,
포천시,영북면,427,229,104,94,286,2021-08-24,,,,
포천시,영중면,489,311,58,120,160,2021-08-24,,,,
포천시,이동면,339,162,68,109,198,2021-08-24,,,,
포천시,일동면,509,280,65,164,306,2021-08-24,,,,
포천시,자작동,63,34,13,16,32,2021-08-24,,,,
포천시,창수면,135,93,8,34,52,2021-08-24,,,,
포천시,화현면,144,73,17,54,83,2021-08-24,,,,
하남시,감북동,160,82,54,24,106,2022-07-31,,,,
하남시,감이동,333,180,124,29,270,2022-07-31,,,,
하남시,감일동,302,159,109,34,211,2022-07-31,,,,
하남시,광암동,40,23,9,8,23,2022-07-31,,,,
하남시,교산동,52,27,18,7,34,2022-07-31,,,,
하남시,덕풍동,4431,2816,1366,249,3353,2022-07-31,,,,
하남시,망월동,4056,2100,1692,264,3110,2022-07-31,,,,
하남시,미사동,94,52,37,5,57,2022-07-31,,,,
하남시,배알미동,13,8,5,0,8,2022-07-31,,,,
하남시,상사창동,67,27,24,16,43,2022-07-31,,,,
하남시,상산곡동,151,92,37,22,88,2022-07-31,,,,
하남시,선동,880,455,361,64,705,2022-07-31,,,,
하남시,신장동,2582,1694,732,156,1961,2022-07-31,,,,
하남시,창우동,1033,676,287,70,791,2022-07-31,,,,
하남시,천현동,222,148,63,11,157,2022-07-31,,,,
하남시,초이동,209,84,68,57,96,2022-07-31,,,,
하남시,초일동,115,47,19,49,54,2022-07-31,,,,
하남시,춘궁동,156,74,47,35,81,2022-07-31,,,,
하남시,풍산동,1249,696,448,105,984,2022-07-31,,,,
하남시,하사창동,53,40,13,0,24,2022-07-31,,,,
하남시,하산곡동,408,130,59,219,143,2022-07-31,,,,
하남시,학암동,978,495,297,186,758,2022-07-31,,,,
하남시,항동,50,18,14,18,28,2022-07-31,,,,
화성시,금곡동,48,25,18,5,28,2022-05-31,,,,
화성시,기산동,853,408,370,75,632,2022-05-31,,,,
화성시,기안동,920,561,271,88,732,2022-05-31,,,,
화성시,남양동,101,41,55,5,82,2022-05-31,,,,
화성시,남양읍,2295,1175,820,300,1610,2022-05-31,,,,
화성시,능동,2942,1561,1197,184,2307,2022-05-31,,,,
화성시,동탄면,120,61,56,3,90,2022-05-31,,,,
화성시,마도면,535,315,153,67,297,2022-05-31,,,,
화성시,매송면,391,181,136,74,278,2022-05-31,,,,
화성시,목동,1268,662,507,99,984,2022-05-31,,,,
화성시,무송동,2,1,1,0,2,2022-05-31,,,,
화성시,문호동,1,0,1,0,1,2022-05-31,,,,
화성시,반송동,4383,2514,1664,205,3459,2022-05-31,,,,
화성시,반월동,1549,810,633,106,1237,2022-05-31,,,,
화성시,반정동,68,47,16,5,43,2022-05-31,,,,
화성시,방교동,127,77,44,6,86,2022-05-31,,,,
화성시,배양동,46,29,9,8,33,2022-05-31,,,,
화성시,병점동,3086,1654,1244,188,2406,2022-05-31,,,,
화성시,봉담읍,5228,2977,1826,425,3887,2022-05-31,,,,
화성시,북양동,9,4,5,0,6,2022-05-31,,,,
화성시,비봉면,370,194,116,60,225,2022-05-31,,,,
화성시,산척동,1680,860,643,177,1296,2022-05-31,,,,
화성시,새솔동,934,435,376,123,726,2022-05-31,,,,
화성시,서신면,401,239,121,41,255,2022-05-31,,,,
화성시,석우동,810,478,288,44,669,2022-05-31,,,,
화성시,송동,417,225,162,30,344,2022-05-31,,,,
화성시,송림동,10,8,2,0,2,2022-05-31,,,,
화성시,송산동,636,301,276,59,447,2022-05-31,,,,
화성시,송산면,601,370,187,44,386,2022-05-31,,,,
화성시,수화동,3,1,2,0,2,2022-05-31,,,,
화성시,신남동,16,3,13,0,14,2022-05-31,,,,
화성시,신동,4,4,0,0,3,2022-05-31,,,,
화성시,신외동,1,0,1,0,1,2022-05-31,,,,
화성시,안녕동,881,461,337,83,600,2022-05-31,,,,
화성시,안석동,2,0,2,0,2,2022-05-31,,,,
화성시,양감면,313,121,121,71,158,2022-05-31,,,,
화성시,영천동,2083,1177,751,155,1421,2022-05-31,,,,
화성시,오산동,1289,654,535,100,1004,2022-05-31,,,,
화성시,우정읍,1116,642,377,97,708,2022-05-31,,,,
화성시,원천동,3,2,0,1,2,2022-05-31,,,,
화성시,장덕동,4,1,3,0,3,2022-05-31,,,,
화성시,장안면,788,463,217,108,400,2022-05-31,,,,
화성시,장전동,2,0,2,0,1,2022-05-31,,,,
화성시,장지동,1214,627,487,100,909,2022-05-31,,,,
화성시,정남면,772,392,308,72,503,2022-05-31,,,,
화성시,중동,40,7,11,22,10,2022-05-31,,,,
화성시,진안동,1856,962,756,138,1360,2022-05-31,,,,
화성시,청계동,2046,1052,879,115,1679,2022-05-31,,,,
화성시,팔탄면,753,345,305,103,412,2022-05-31,,,,
화성시,향남읍,5180,2110,2584,486,3719,2022-05-31,,,,
화성시,활초동,15,4,11,0,11,2022-05-31,,,,
화성시,황계동,52,19,13,20,24,2022-05-31,,,,
